ensembl_gene_id,external_gene_name,entrezgene_id,gene_biotype,description
ENSG00000005189,REXO5,81691,protein_coding,RNA exonuclease 5 [Source:HGNC Symbol;Acc:HGNC:24661]
ENSG00000006047,YBX2,51087,protein_coding,Y-box binding protein 2 [Source:HGNC Symbol;Acc:HGNC:17948]
ENSG00000006468,ETV1,2115,protein_coding,ETS variant transcription factor 1 [Source:HGNC Symbol;Acc:HGNC:3490]
ENSG00000006625,GGCT,79017,protein_coding,gamma-glutamylcyclotransferase [Source:HGNC Symbol;Acc:HGNC:21705]
ENSG00000007968,E2F2,1870,protein_coding,E2F transcription factor 2 [Source:HGNC Symbol;Acc:HGNC:3114]
ENSG00000010292,NCAPD2,9918,protein_coding,non-SMC condensin I complex subunit D2 [Source:HGNC Symbol;Acc:HGNC:24305]
ENSG00000011426,ANLN,54443,protein_coding,anillin, actin binding protein [Source:HGNC Symbol;Acc:HGNC:14082]
ENSG00000012048,BRCA1,672,protein_coding,BRCA1 DNA repair associated [Source:HGNC Symbol;Acc:HGNC:1100]
ENSG00000013810,TACC3,10460,protein_coding,transforming acidic coiled-coil containing protein 3 [Source:HGNC Symbol;Acc:HGNC:11524]
ENSG00000024526,DEPDC1,55635,protein_coding,DEP domain containing 1 [Source:HGNC Symbol;Acc:HGNC:22949]
ENSG00000040275,SPDL1,54908,protein_coding,spindle apparatus coiled-coil protein 1 [Source:HGNC Symbol;Acc:HGNC:26010]
ENSG00000043039,BARX2,8538,protein_coding,BARX homeobox 2 [Source:HGNC Symbol;Acc:HGNC:956]
ENSG00000051180,RAD51,5888,protein_coding,RAD51 recombinase [Source:HGNC Symbol;Acc:HGNC:9817]
ENSG00000051341,POLQ,10721,protein_coding,DNA polymerase theta [Source:HGNC Symbol;Acc:HGNC:9186]
ENSG00000061656,SPAG4,6676,protein_coding,sperm associated antigen 4 [Source:HGNC Symbol;Acc:HGNC:11214]
ENSG00000065328,MCM10,55388,protein_coding,minichromosome maintenance 10 replication initiation factor [Source:HGNC Symbol;Acc:HGNC:18043]
ENSG00000066279,ASPM,259266,protein_coding,assembly factor for spindle microtubules [Source:HGNC Symbol;Acc:HGNC:19048]
ENSG00000067992,PDK3,5165,protein_coding,pyruvate dehydrogenase kinase 3 [Source:HGNC Symbol;Acc:HGNC:8811]
ENSG00000068489,PRR11,55771,protein_coding,proline rich 11 [Source:HGNC Symbol;Acc:HGNC:25619]
ENSG00000071539,TRIP13,9319,protein_coding,thyroid hormone receptor interactor 13 [Source:HGNC Symbol;Acc:HGNC:12307]
ENSG00000072571,HMMR,3161,protein_coding,hyaluronan mediated motility receptor [Source:HGNC Symbol;Acc:HGNC:5012]
ENSG00000075188,NUP37,79023,protein_coding,nucleoporin 37 [Source:HGNC Symbol;Acc:HGNC:29929]
ENSG00000075218,GTSE1,51512,protein_coding,G2 and S-phase expressed 1 [Source:HGNC Symbol;Acc:HGNC:13698]
ENSG00000075702,WDR62,284403,protein_coding,WD repeat domain 62 [Source:HGNC Symbol;Acc:HGNC:24502]
ENSG00000076003,MCM6,4175,protein_coding,minichromosome maintenance complex component 6 [Source:HGNC Symbol;Acc:HGNC:6949]
ENSG00000076382,SPAG5,10615,protein_coding,sperm associated antigen 5 [Source:HGNC Symbol;Acc:HGNC:13452]
ENSG00000077152,UBE2T,29089,protein_coding,ubiquitin conjugating enzyme E2 T [Source:HGNC Symbol;Acc:HGNC:25009]
ENSG00000077312,SNRPA,6626,protein_coding,small nuclear ribonucleoprotein polypeptide A [Source:HGNC Symbol;Acc:HGNC:11151]
ENSG00000080986,NDC80,10403,protein_coding,NDC80 kinetochore complex component [Source:HGNC Symbol;Acc:HGNC:16909]
ENSG00000083454,P2RX5,5026,protein_coding,purinergic receptor P2X 5 [Source:HGNC Symbol;Acc:HGNC:8536]
ENSG00000085840,ORC1,4998,protein_coding,origin recognition complex subunit 1 [Source:HGNC Symbol;Acc:HGNC:8487]
ENSG00000085999,RAD54L,8438,protein_coding,RAD54 like [Source:HGNC Symbol;Acc:HGNC:9826]
ENSG00000086730,LAT2,7462,protein_coding,linker for activation of T cells family member 2 [Source:HGNC Symbol;Acc:HGNC:12749]
ENSG00000087586,AURKA,6790,protein_coding,aurora kinase A [Source:HGNC Symbol;Acc:HGNC:11393]
ENSG00000088325,TPX2,22974,protein_coding,TPX2 microtubule nucleation factor [Source:HGNC Symbol;Acc:HGNC:1249]
ENSG00000089685,BIRC5,332,protein_coding,baculoviral IAP repeat containing 5 [Source:HGNC Symbol;Acc:HGNC:593]
ENSG00000090889,KIF4A,24137,protein_coding,kinesin family member 4A [Source:HGNC Symbol;Acc:HGNC:13339]
ENSG00000091651,ORC6,23594,protein_coding,origin recognition complex subunit 6 [Source:HGNC Symbol;Acc:HGNC:17151]
ENSG00000092470,WDR76,79968,protein_coding,WD repeat domain 76 [Source:HGNC Symbol;Acc:HGNC:25773]
ENSG00000092853,CLSPN,63967,protein_coding,claspin [Source:HGNC Symbol;Acc:HGNC:19715]
ENSG00000093009,CDC45,8318,protein_coding,cell division cycle 45 [Source:HGNC Symbol;Acc:HGNC:1739]
ENSG00000094804,CDC6,990,protein_coding,cell division cycle 6 [Source:HGNC Symbol;Acc:HGNC:1744]
ENSG00000097046,CDC7,8317,protein_coding,cell division cycle 7 [Source:HGNC Symbol;Acc:HGNC:1745]
ENSG00000099958,DERL3,91319,protein_coding,derlin 3 [Source:HGNC Symbol;Acc:HGNC:14236]
ENSG00000100092,SH3BP1,23616,protein_coding,SH3 domain binding protein 1 [Source:HGNC Symbol;Acc:HGNC:10824]
ENSG00000100162,CENPM,79019,protein_coding,centromere protein M [Source:HGNC Symbol;Acc:HGNC:18352]
ENSG00000100206,DMC1,11144,protein_coding,DNA meiotic recombinase 1 [Source:HGNC Symbol;Acc:HGNC:2927]
ENSG00000100297,MCM5,4174,protein_coding,minichromosome maintenance complex component 5 [Source:HGNC Symbol;Acc:HGNC:6948]
ENSG00000100479,POLE2,5427,protein_coding,DNA polymerase epsilon 2, accessory subunit [Source:HGNC Symbol;Acc:HGNC:9178]
ENSG00000100526,CDKN3,1033,protein_coding,cyclin dependent kinase inhibitor 3 [Source:HGNC Symbol;Acc:HGNC:1791]
ENSG00000100629,CEP128,145508,protein_coding,centrosomal protein 128 [Source:HGNC Symbol;Acc:HGNC:20359]
ENSG00000101003,GINS1,9837,protein_coding,GINS complex subunit 1 [Source:HGNC Symbol;Acc:HGNC:28980]
ENSG00000101057,MYBL2,4605,protein_coding,MYB proto-oncogene like 2 [Source:HGNC Symbol;Acc:HGNC:7548]
ENSG00000101187,SLCO4A1,28231,protein_coding,solute carrier organic anion transporter family member 4A1 [Source:HGNC Symbol;Acc:HGNC:10953]
ENSG00000101255,TRIB3,57761,protein_coding,tribbles pseudokinase 3 [Source:HGNC Symbol;Acc:HGNC:16228]
ENSG00000101412,E2F1,1869,protein_coding,E2F transcription factor 1 [Source:HGNC Symbol;Acc:HGNC:3113]
ENSG00000101447,FAM83D,81610,protein_coding,family with sequence similarity 83 member D [Source:HGNC Symbol;Acc:HGNC:16122]
ENSG00000102144,PGK1,5230,protein_coding,phosphoglycerate kinase 1 [Source:HGNC Symbol;Acc:HGNC:8896]
ENSG00000102384,CENPI,2491,protein_coding,centromere protein I [Source:HGNC Symbol;Acc:HGNC:3968]
ENSG00000102393,GLA,2717,protein_coding,galactosidase alpha [Source:HGNC Symbol;Acc:HGNC:4296]
ENSG00000103044,HAS3,3038,protein_coding,hyaluronan synthase 3 [Source:HGNC Symbol;Acc:HGNC:4820]
ENSG00000104147,OIP5,11339,protein_coding,Opa interacting protein 5 [Source:HGNC Symbol;Acc:HGNC:20300]
ENSG00000105011,ASF1B,55723,protein_coding,anti-silencing function 1B histone chaperone [Source:HGNC Symbol;Acc:HGNC:20996]
ENSG00000105220,GPI,2821,protein_coding,glucose-6-phosphate isomerase [Source:HGNC Symbol;Acc:HGNC:4458]
ENSG00000105486,LIG1,3978,protein_coding,DNA ligase 1 [Source:HGNC Symbol;Acc:HGNC:6598]
ENSG00000106268,NUDT1,4521,protein_coding,nudix hydrolase 1 [Source:HGNC Symbol;Acc:HGNC:8048]
ENSG00000106399,RPA3,6119,protein_coding,replication protein A3 [Source:HGNC Symbol;Acc:HGNC:10291]
ENSG00000107159,CA9,768,protein_coding,carbonic anhydrase 9 [Source:HGNC Symbol;Acc:HGNC:1383]
ENSG00000108106,UBE2S,27338,protein_coding,ubiquitin conjugating enzyme E2 S [Source:HGNC Symbol;Acc:HGNC:17895]
ENSG00000108852,MPP2,4355,protein_coding,MAGUK p55 scaffold protein 2 [Source:HGNC Symbol;Acc:HGNC:7220]
ENSG00000109674,NEIL3,55247,protein_coding,nei like DNA glycosylase 3 [Source:HGNC Symbol;Acc:HGNC:24573]
ENSG00000109805,NCAPG,64151,protein_coding,non-SMC condensin I complex subunit G [Source:HGNC Symbol;Acc:HGNC:24304]
ENSG00000109814,UGDH,7358,protein_coding,UDP-glucose 6-dehydrogenase [Source:HGNC Symbol;Acc:HGNC:12525]
ENSG00000109881,CCDC34,91057,protein_coding,coiled-coil domain containing 34 [Source:HGNC Symbol;Acc:HGNC:25079]
ENSG00000110092,CCND1,595,protein_coding,cyclin D1 [Source:HGNC Symbol;Acc:HGNC:1582]
ENSG00000111206,FOXM1,2305,protein_coding,forkhead box M1 [Source:HGNC Symbol;Acc:HGNC:3818]
ENSG00000111247,RAD51AP1,10635,protein_coding,RAD51 associated protein 1 [Source:HGNC Symbol;Acc:HGNC:16956]
ENSG00000111331,OAS3,4940,protein_coding,2'-5'-oligoadenylate synthetase 3 [Source:HGNC Symbol;Acc:HGNC:8088]
ENSG00000111445,RFC5,5985,protein_coding,replication factor C subunit 5 [Source:HGNC Symbol;Acc:HGNC:9973]
ENSG00000111602,TIMELESS,8914,protein_coding,timeless circadian regulator [Source:HGNC Symbol;Acc:HGNC:11813]
ENSG00000111665,CDCA3,83461,protein_coding,cell division cycle associated 3 [Source:HGNC Symbol;Acc:HGNC:14624]
ENSG00000111669,TPI1,7167,protein_coding,triosephosphate isomerase 1 [Source:HGNC Symbol;Acc:HGNC:12009]
ENSG00000111674,ENO2,2026,protein_coding,enolase 2 [Source:HGNC Symbol;Acc:HGNC:3353]
ENSG00000112081,SRSF3,6428,protein_coding,serine and arginine rich splicing factor 3 [Source:HGNC Symbol;Acc:HGNC:10785]
ENSG00000112312,GMNN,51053,protein_coding,geminin DNA replication inhibitor [Source:HGNC Symbol;Acc:HGNC:17493]
ENSG00000112742,TTK,7272,protein_coding,TTK protein kinase [Source:HGNC Symbol;Acc:HGNC:12401]
ENSG00000112984,KIF20A,10112,protein_coding,kinesin family member 20A [Source:HGNC Symbol;Acc:HGNC:9787]
ENSG00000113368,LMNB1,4001,protein_coding,lamin B1 [Source:HGNC Symbol;Acc:HGNC:6637]
ENSG00000114023,FAM162A,26355,protein_coding,family with sequence similarity 162 member A [Source:HGNC Symbol;Acc:HGNC:17865]
ENSG00000114268,PFKFB4,5210,protein_coding,6-phosphofructo-2-kinase/fructose-2,6-biphosphatase 4 [Source:HGNC Symbol;Acc:HGNC:8875]
ENSG00000114346,ECT2,1894,protein_coding,epithelial cell transforming 2 [Source:HGNC Symbol;Acc:HGNC:3155]
ENSG00000115163,CENPA,1058,protein_coding,centromere protein A [Source:HGNC Symbol;Acc:HGNC:1851]
ENSG00000115233,PSMD14,10213,protein_coding,proteasome 26S subunit, non-ATPase 14 [Source:HGNC Symbol;Acc:HGNC:16889]
ENSG00000117399,CDC20,991,protein_coding,cell division cycle 20 [Source:HGNC Symbol;Acc:HGNC:1723]
ENSG00000117650,NEK2,4751,protein_coding,NIMA related kinase 2 [Source:HGNC Symbol;Acc:HGNC:7745]
ENSG00000117724,CENPF,1063,protein_coding,centromere protein F [Source:HGNC Symbol;Acc:HGNC:1857]
ENSG00000118193,KIF14,9928,protein_coding,kinesin family member 14 [Source:HGNC Symbol;Acc:HGNC:19181]
ENSG00000119630,PGF,5228,protein_coding,placental growth factor [Source:HGNC Symbol;Acc:HGNC:8893]
ENSG00000120334,CENPL,91687,protein_coding,centromere protein L [Source:HGNC Symbol;Acc:HGNC:17879]
ENSG00000120437,ACAT2,39,protein_coding,acetyl-CoA acetyltransferase 2 [Source:HGNC Symbol;Acc:HGNC:94]
ENSG00000120539,MASTL,84930,protein_coding,microtubule associated serine/threonine kinase like [Source:HGNC Symbol;Acc:HGNC:19042]
ENSG00000120875,DUSP4,1846,protein_coding,dual specificity phosphatase 4 [Source:HGNC Symbol;Acc:HGNC:3070]
ENSG00000121152,NCAPH,23397,protein_coding,non-SMC condensin I complex subunit H [Source:HGNC Symbol;Acc:HGNC:1112]
ENSG00000121211,MND1,84057,protein_coding,meiotic nuclear divisions 1 [Source:HGNC Symbol;Acc:HGNC:24839]
ENSG00000121957,GPSM2,29899,protein_coding,G protein signaling modulator 2 [Source:HGNC Symbol;Acc:HGNC:29501]
ENSG00000122483,CCDC18,343099,protein_coding,coiled-coil domain containing 18 [Source:HGNC Symbol;Acc:HGNC:30370]
ENSG00000122952,ZWINT,11130,protein_coding,ZW10 interacting kinetochore protein [Source:HGNC Symbol;Acc:HGNC:13195]
ENSG00000122966,CIT,11113,protein_coding,citron rho-interacting serine/threonine kinase [Source:HGNC Symbol;Acc:HGNC:1985]
ENSG00000123219,CENPK,64105,protein_coding,centromere protein K [Source:HGNC Symbol;Acc:HGNC:29479]
ENSG00000123374,CDK2,1017,protein_coding,cyclin dependent kinase 2 [Source:HGNC Symbol;Acc:HGNC:1771]
ENSG00000123416,TUBA1B,10376,protein_coding,tubulin alpha 1b [Source:HGNC Symbol;Acc:HGNC:18809]
ENSG00000123473,STIL,6491,protein_coding,STIL centriolar assembly protein [Source:HGNC Symbol;Acc:HGNC:10879]
ENSG00000123485,HJURP,55355,protein_coding,Holliday junction recognition protein [Source:HGNC Symbol;Acc:HGNC:25444]
ENSG00000123975,CKS2,1164,protein_coding,CDC28 protein kinase regulatory subunit 2 [Source:HGNC Symbol;Acc:HGNC:2000]
ENSG00000125148,MT2A,4502,protein_coding,metallothionein 2A [Source:HGNC Symbol;Acc:HGNC:7406]
ENSG00000125319,HROB,78995,protein_coding,homologous recombination factor with OB-fold [Source:HGNC Symbol;Acc:HGNC:28460]
ENSG00000125885,MCM8,84515,protein_coding,minichromosome maintenance 8 homologous recombination repair factor [Source:HGNC Symbol;Acc:HGNC:16147]
ENSG00000126453,BCL2L12,83596,protein_coding,BCL2 like 12 [Source:HGNC Symbol;Acc:HGNC:13787]
ENSG00000126787,DLGAP5,9787,protein_coding,DLG associated protein 5 [Source:HGNC Symbol;Acc:HGNC:16864]
ENSG00000127423,AUNIP,79000,protein_coding,aurora kinase A and ninein interacting protein [Source:HGNC Symbol;Acc:HGNC:28363]
ENSG00000127564,PKMYT1,9088,protein_coding,protein kinase, membrane associated tyrosine/threonine 1 [Source:HGNC Symbol;Acc:HGNC:29650]
ENSG00000128050,PAICS,10606,protein_coding,phosphoribosylaminoimidazole carboxylase and phosphoribosylaminoimidazolesuccinocarboxamide synthase [Source:HGNC Symbol;Acc:HGNC:8587]
ENSG00000128578,STRIP2,57464,protein_coding,striatin interacting protein 2 [Source:HGNC Symbol;Acc:HGNC:22209]
ENSG00000128692,EIF2S2P4,NA,processed_pseudogene,eukaryotic translation initiation factor 2 subunit 2 beta pseudogene 4 [Source:HGNC Symbol;Acc:HGNC:37626]
ENSG00000128944,KNSTRN,90417,protein_coding,kinetochore localized astrin (SPAG5) binding protein [Source:HGNC Symbol;Acc:HGNC:30767]
ENSG00000129173,E2F8,79733,protein_coding,E2F transcription factor 8 [Source:HGNC Symbol;Acc:HGNC:24727]
ENSG00000129195,PIMREG,54478,protein_coding,PICALM interacting mitotic regulator [Source:HGNC Symbol;Acc:HGNC:25483]
ENSG00000129235,TXNDC17,84817,protein_coding,thioredoxin domain containing 17 [Source:HGNC Symbol;Acc:HGNC:28218]
ENSG00000129810,SGO1,151648,protein_coding,shugoshin 1 [Source:HGNC Symbol;Acc:HGNC:25088]
ENSG00000131153,GINS2,51659,protein_coding,GINS complex subunit 2 [Source:HGNC Symbol;Acc:HGNC:24575]
ENSG00000131187,F12,2161,protein_coding,coagulation factor XII [Source:HGNC Symbol;Acc:HGNC:3530]
ENSG00000131650,KREMEN2,79412,protein_coding,kringle containing transmembrane protein 2 [Source:HGNC Symbol;Acc:HGNC:18797]
ENSG00000131747,TOP2A,7153,protein_coding,DNA topoisomerase II alpha [Source:HGNC Symbol;Acc:HGNC:11989]
ENSG00000131876,SNRPA1,6627,protein_coding,small nuclear ribonucleoprotein polypeptide A' [Source:HGNC Symbol;Acc:HGNC:11152]
ENSG00000132646,PCNA,5111,protein_coding,proliferating cell nuclear antigen [Source:HGNC Symbol;Acc:HGNC:8729]
ENSG00000132967,HMGB1P5,NA,transcribed_processed_pseudogene,high mobility group box 1 pseudogene 5 [Source:HGNC Symbol;Acc:HGNC:4997]
ENSG00000133119,RFC3,5983,protein_coding,replication factor C subunit 3 [Source:HGNC Symbol;Acc:HGNC:9971]
ENSG00000134057,CCNB1,891,protein_coding,cyclin B1 [Source:HGNC Symbol;Acc:HGNC:1579]
ENSG00000134222,PSRC1,84722,protein_coding,proline and serine rich coiled-coil 1 [Source:HGNC Symbol;Acc:HGNC:24472]
ENSG00000134333,LDHA,3939,protein_coding,lactate dehydrogenase A [Source:HGNC Symbol;Acc:HGNC:6535]
ENSG00000134690,CDCA8,55143,protein_coding,cell division cycle associated 8 [Source:HGNC Symbol;Acc:HGNC:14629]
ENSG00000135451,TROAP,10024,protein_coding,trophinin associated protein [Source:HGNC Symbol;Acc:HGNC:12327]
ENSG00000135454,B4GALNT1,2583,protein_coding,beta-1,4-N-acetyl-galactosaminyltransferase 1 [Source:HGNC Symbol;Acc:HGNC:4117]
ENSG00000135476,ESPL1,9700,protein_coding,extra spindle pole bodies like 1, separase [Source:HGNC Symbol;Acc:HGNC:16856]
ENSG00000136122,BORA,79866,protein_coding,BORA aurora kinase A activator [Source:HGNC Symbol;Acc:HGNC:24724]
ENSG00000136159,NUDT15,55270,protein_coding,nudix hydrolase 15 [Source:HGNC Symbol;Acc:HGNC:23063]
ENSG00000136810,TXN,7295,protein_coding,thioredoxin [Source:HGNC Symbol;Acc:HGNC:12435]
ENSG00000136824,SMC2,10592,protein_coding,structural maintenance of chromosomes 2 [Source:HGNC Symbol;Acc:HGNC:14011]
ENSG00000136982,DSCC1,79075,protein_coding,DNA replication and sister chromatid cohesion 1 [Source:HGNC Symbol;Acc:HGNC:24453]
ENSG00000137135,ARHGEF39,84904,protein_coding,Rho guanine nucleotide exchange factor 39 [Source:HGNC Symbol;Acc:HGNC:25909]
ENSG00000137310,TCF19,6941,protein_coding,transcription factor 19 [Source:HGNC Symbol;Acc:HGNC:11629]
ENSG00000137563,GGH,8836,protein_coding,gamma-glutamyl hydrolase [Source:HGNC Symbol;Acc:HGNC:4248]
ENSG00000137804,NUSAP1,51203,protein_coding,nucleolar and spindle associated protein 1 [Source:HGNC Symbol;Acc:HGNC:18538]
ENSG00000137807,KIF23,9493,protein_coding,kinesin family member 23 [Source:HGNC Symbol;Acc:HGNC:6392]
ENSG00000137812,KNL1,57082,protein_coding,kinetochore scaffold 1 [Source:HGNC Symbol;Acc:HGNC:24054]
ENSG00000137970,RPL7P9,NA,processed_pseudogene,ribosomal protein L7 pseudogene 9 [Source:HGNC Symbol;Acc:HGNC:37028]
ENSG00000138160,KIF11,3832,protein_coding,kinesin family member 11 [Source:HGNC Symbol;Acc:HGNC:6388]
ENSG00000138166,DUSP5,1847,protein_coding,dual specificity phosphatase 5 [Source:HGNC Symbol;Acc:HGNC:3071]
ENSG00000138180,CEP55,55165,protein_coding,centrosomal protein 55 [Source:HGNC Symbol;Acc:HGNC:1161]
ENSG00000138182,KIF20B,9585,protein_coding,kinesin family member 20B [Source:HGNC Symbol;Acc:HGNC:7212]
ENSG00000138587,MNS1,55329,protein_coding,meiosis specific nuclear structural 1 [Source:HGNC Symbol;Acc:HGNC:29636]
ENSG00000138658,ZGRF1,55345,protein_coding,zinc finger GRF-type containing 1 [Source:HGNC Symbol;Acc:HGNC:25654]
ENSG00000138778,CENPE,1062,protein_coding,centromere protein E [Source:HGNC Symbol;Acc:HGNC:1856]
ENSG00000139239,RPL14P1,NA,processed_pseudogene,ribosomal protein L14 pseudogene 1 [Source:HGNC Symbol;Acc:HGNC:31384]
ENSG00000139318,DUSP6,1848,protein_coding,dual specificity phosphatase 6 [Source:HGNC Symbol;Acc:HGNC:3072]
ENSG00000139354,GAS2L3,283431,protein_coding,growth arrest specific 2 like 3 [Source:HGNC Symbol;Acc:HGNC:27475]
ENSG00000139618,BRCA2,675,protein_coding,BRCA2 DNA repair associated [Source:HGNC Symbol;Acc:HGNC:1101]
ENSG00000140451,PIF1,80119,protein_coding,PIF1 5'-to-3' DNA helicase [Source:HGNC Symbol;Acc:HGNC:26220]
ENSG00000140525,FANCI,55215,protein_coding,FA complementation group I [Source:HGNC Symbol;Acc:HGNC:25568]
ENSG00000140534,TICRR,90381,protein_coding,TOPBP1 interacting checkpoint and replication regulator [Source:HGNC Symbol;Acc:HGNC:28704]
ENSG00000142731,PLK4,10733,protein_coding,polo like kinase 4 [Source:HGNC Symbol;Acc:HGNC:11397]
ENSG00000142945,KIF2C,11004,protein_coding,kinesin family member 2C [Source:HGNC Symbol;Acc:HGNC:6393]
ENSG00000143228,NUF2,83540,protein_coding,NUF2 component of NDC80 kinetochore complex [Source:HGNC Symbol;Acc:HGNC:14621]
ENSG00000143401,ANP32E,81611,protein_coding,acidic nuclear phosphoprotein 32 family member E [Source:HGNC Symbol;Acc:HGNC:16673]
ENSG00000143476,DTL,51514,protein_coding,denticleless E3 ubiquitin protein ligase homolog [Source:HGNC Symbol;Acc:HGNC:30288]
ENSG00000143847,PPFIA4,8497,protein_coding,PTPRF interacting protein alpha 4 [Source:HGNC Symbol;Acc:HGNC:9248]
ENSG00000144118,RALB,5899,protein_coding,RAS like proto-oncogene B [Source:HGNC Symbol;Acc:HGNC:9840]
ENSG00000144354,CDCA7,83879,protein_coding,cell division cycle associated 7 [Source:HGNC Symbol;Acc:HGNC:14628]
ENSG00000144554,FANCD2,2177,protein_coding,FA complementation group D2 [Source:HGNC Symbol;Acc:HGNC:3585]
ENSG00000145386,CCNA2,890,protein_coding,cyclin A2 [Source:HGNC Symbol;Acc:HGNC:1578]
ENSG00000146410,MTFR2,113115,protein_coding,mitochondrial fission regulator 2 [Source:HGNC Symbol;Acc:HGNC:21115]
ENSG00000146670,CDCA5,113130,protein_coding,cell division cycle associated 5 [Source:HGNC Symbol;Acc:HGNC:14626]
ENSG00000146918,NCAPG2,54892,protein_coding,non-SMC condensin II complex subunit G2 [Source:HGNC Symbol;Acc:HGNC:21904]
ENSG00000147536,GINS4,84296,protein_coding,GINS complex subunit 4 [Source:HGNC Symbol;Acc:HGNC:28226]
ENSG00000148339,SLC25A25,114789,protein_coding,solute carrier family 25 member 25 [Source:HGNC Symbol;Acc:HGNC:20663]
ENSG00000148773,MKI67,4288,protein_coding,marker of proliferation Ki-67 [Source:HGNC Symbol;Acc:HGNC:7107]
ENSG00000149503,INCENP,3619,protein_coding,inner centromere protein [Source:HGNC Symbol;Acc:HGNC:6058]
ENSG00000149636,DSN1,79980,protein_coding,DSN1 component of MIS12 kinetochore complex [Source:HGNC Symbol;Acc:HGNC:16165]
ENSG00000149948,HMGA2,8091,protein_coding,high mobility group AT-hook 2 [Source:HGNC Symbol;Acc:HGNC:5009]
ENSG00000151503,NCAPD3,23310,protein_coding,non-SMC condensin II complex subunit D3 [Source:HGNC Symbol;Acc:HGNC:28952]
ENSG00000151725,CENPU,79682,protein_coding,centromere protein U [Source:HGNC Symbol;Acc:HGNC:21348]
ENSG00000151849,CENPJ,55835,protein_coding,centromere protein J [Source:HGNC Symbol;Acc:HGNC:17272]
ENSG00000152253,SPC25,57405,protein_coding,SPC25 component of NDC80 kinetochore complex [Source:HGNC Symbol;Acc:HGNC:24031]
ENSG00000153044,CENPH,64946,protein_coding,centromere protein H [Source:HGNC Symbol;Acc:HGNC:17268]
ENSG00000154429,CCSAP,126731,protein_coding,centriole, cilia and spindle associated protein [Source:HGNC Symbol;Acc:HGNC:29578]
ENSG00000154839,SKA1,220134,protein_coding,spindle and kinetochore associated complex subunit 1 [Source:HGNC Symbol;Acc:HGNC:28109]
ENSG00000154920,EME1,146956,protein_coding,essential meiotic structure-specific endonuclease 1 [Source:HGNC Symbol;Acc:HGNC:24965]
ENSG00000155561,NUP205,23165,protein_coding,nucleoporin 205 [Source:HGNC Symbol;Acc:HGNC:18658]
ENSG00000156787,TBC1D31,93594,protein_coding,TBC1 domain family member 31 [Source:HGNC Symbol;Acc:HGNC:30888]
ENSG00000156970,BUB1B,701,protein_coding,BUB1 mitotic checkpoint serine/threonine kinase B [Source:HGNC Symbol;Acc:HGNC:1149]
ENSG00000157150,TIMP4,7079,protein_coding,TIMP metallopeptidase inhibitor 4 [Source:HGNC Symbol;Acc:HGNC:11823]
ENSG00000157456,CCNB2,9133,protein_coding,cyclin B2 [Source:HGNC Symbol;Acc:HGNC:1580]
ENSG00000157470,FAM81A,145773,protein_coding,family with sequence similarity 81 member A [Source:HGNC Symbol;Acc:HGNC:28379]
ENSG00000158402,CDC25C,995,protein_coding,cell division cycle 25C [Source:HGNC Symbol;Acc:HGNC:1727]
ENSG00000160326,SLC2A6,11182,protein_coding,solute carrier family 2 member 6 [Source:HGNC Symbol;Acc:HGNC:11011]
ENSG00000160867,FGFR4,2264,protein_coding,fibroblast growth factor receptor 4 [Source:HGNC Symbol;Acc:HGNC:3691]
ENSG00000161800,RACGAP1,29127,protein_coding,Rac GTPase activating protein 1 [Source:HGNC Symbol;Acc:HGNC:9804]
ENSG00000161888,SPC24,147841,protein_coding,SPC24 component of NDC80 kinetochore complex [Source:HGNC Symbol;Acc:HGNC:26913]
ENSG00000162062,TEDC2,80178,protein_coding,tubulin epsilon and delta complex 2 [Source:HGNC Symbol;Acc:HGNC:25849]
ENSG00000162063,CCNF,899,protein_coding,cyclin F [Source:HGNC Symbol;Acc:HGNC:1591]
ENSG00000163170,BOLA3,388962,protein_coding,bolA family member 3 [Source:HGNC Symbol;Acc:HGNC:24415]
ENSG00000163507,CIP2A,57650,protein_coding,cellular inhibitor of PP2A [Source:HGNC Symbol;Acc:HGNC:29302]
ENSG00000163535,SGO2,151246,protein_coding,shugoshin 2 [Source:HGNC Symbol;Acc:HGNC:30812]
ENSG00000163808,KIF15,56992,protein_coding,kinesin family member 15 [Source:HGNC Symbol;Acc:HGNC:17273]
ENSG00000163918,RFC4,5984,protein_coding,replication factor C subunit 4 [Source:HGNC Symbol;Acc:HGNC:9972]
ENSG00000164032,H2AZ1,3015,protein_coding,H2A.Z variant histone 1 [Source:HGNC Symbol;Acc:HGNC:4741]
ENSG00000164087,POC1A,25886,protein_coding,POC1 centriolar protein A [Source:HGNC Symbol;Acc:HGNC:24488]
ENSG00000164104,HMGB2,3148,protein_coding,high mobility group box 2 [Source:HGNC Symbol;Acc:HGNC:5000]
ENSG00000164109,MAD2L1,4085,protein_coding,mitotic arrest deficient 2 like 1 [Source:HGNC Symbol;Acc:HGNC:6763]
ENSG00000164362,TERT,7015,protein_coding,telomerase reverse transcriptase [Source:HGNC Symbol;Acc:HGNC:11730]
ENSG00000164520,RAET1E,135250,protein_coding,retinoic acid early transcript 1E [Source:HGNC Symbol;Acc:HGNC:16793]
ENSG00000164611,PTTG1,9232,protein_coding,PTTG1 regulator of sister chromatid separation, securin [Source:HGNC Symbol;Acc:HGNC:9690]
ENSG00000165244,ZNF367,195828,protein_coding,zinc finger protein 367 [Source:HGNC Symbol;Acc:HGNC:18320]
ENSG00000165304,MELK,9833,protein_coding,maternal embryonic leucine zipper kinase [Source:HGNC Symbol;Acc:HGNC:16870]
ENSG00000165480,SKA3,221150,protein_coding,spindle and kinetochore associated complex subunit 3 [Source:HGNC Symbol;Acc:HGNC:20262]
ENSG00000165490,DDIAS,220042,protein_coding,DNA damage induced apoptosis suppressor [Source:HGNC Symbol;Acc:HGNC:26351]
ENSG00000165891,E2F7,144455,protein_coding,E2F transcription factor 7 [Source:HGNC Symbol;Acc:HGNC:23820]
ENSG00000166803,PCLAF,9768,protein_coding,PCNA clamp associated factor [Source:HGNC Symbol;Acc:HGNC:28961]
ENSG00000166851,PLK1,5347,protein_coding,polo like kinase 1 [Source:HGNC Symbol;Acc:HGNC:9077]
ENSG00000167325,RRM1,6240,protein_coding,ribonucleotide reductase catalytic subunit M1 [Source:HGNC Symbol;Acc:HGNC:10451]
ENSG00000167513,CDT1,81620,protein_coding,chromatin licensing and DNA replication factor 1 [Source:HGNC Symbol;Acc:HGNC:24576]
ENSG00000167550,RHEBL1,121268,protein_coding,RHEB like 1 [Source:HGNC Symbol;Acc:HGNC:21166]
ENSG00000167680,SEMA6B,10501,protein_coding,semaphorin 6B [Source:HGNC Symbol;Acc:HGNC:10739]
ENSG00000167772,ANGPTL4,51129,protein_coding,angiopoietin like 4 [Source:HGNC Symbol;Acc:HGNC:16039]
ENSG00000167900,TK1,7083,protein_coding,thymidine kinase 1 [Source:HGNC Symbol;Acc:HGNC:11830]
ENSG00000168078,PBK,55872,protein_coding,PDZ binding kinase [Source:HGNC Symbol;Acc:HGNC:18282]
ENSG00000168389,MFSD2A,84879,protein_coding,MFSD2 lysolipid transporter A, lysophospholipid [Source:HGNC Symbol;Acc:HGNC:25897]
ENSG00000168476,REEP4,80346,protein_coding,receptor accessory protein 4 [Source:HGNC Symbol;Acc:HGNC:26176]
ENSG00000169607,CKAP2L,150468,protein_coding,cytoskeleton associated protein 2 like [Source:HGNC Symbol;Acc:HGNC:26877]
ENSG00000169679,BUB1,699,protein_coding,BUB1 mitotic checkpoint serine/threonine kinase [Source:HGNC Symbol;Acc:HGNC:1148]
ENSG00000170312,CDK1,983,protein_coding,cyclin dependent kinase 1 [Source:HGNC Symbol;Acc:HGNC:1722]
ENSG00000170779,CDCA4,55038,protein_coding,cell division cycle associated 4 [Source:HGNC Symbol;Acc:HGNC:14625]
ENSG00000171241,SHCBP1,79801,protein_coding,SHC binding and spindle associated 1 [Source:HGNC Symbol;Acc:HGNC:29547]
ENSG00000171314,PGAM1,5223,protein_coding,phosphoglycerate mutase 1 [Source:HGNC Symbol;Acc:HGNC:8888]
ENSG00000171320,ESCO2,157570,protein_coding,establishment of sister chromatid cohesion N-acetyltransferase 2 [Source:HGNC Symbol;Acc:HGNC:27230]
ENSG00000171631,P2RY6,5031,protein_coding,pyrimidinergic receptor P2Y6 [Source:HGNC Symbol;Acc:HGNC:8543]
ENSG00000171848,RRM2,6241,protein_coding,ribonucleotide reductase regulatory subunit M2 [Source:HGNC Symbol;Acc:HGNC:10452]
ENSG00000172927,MYEOV,26579,protein_coding,myeloma overexpressed [Source:HGNC Symbol;Acc:HGNC:7563]
ENSG00000172974,VDAC2P5,NA,processed_pseudogene,VDAC2 pseudogene 5 [Source:HGNC Symbol;Acc:HGNC:54753]
ENSG00000173207,CKS1B,1163,protein_coding,CDC28 protein kinase regulatory subunit 1B [Source:HGNC Symbol;Acc:HGNC:19083]
ENSG00000173846,PLK3,1263,protein_coding,polo like kinase 3 [Source:HGNC Symbol;Acc:HGNC:2154]
ENSG00000174371,EXO1,9156,protein_coding,exonuclease 1 [Source:HGNC Symbol;Acc:HGNC:3511]
ENSG00000174442,ZWILCH,55055,protein_coding,zwilch kinetochore protein [Source:HGNC Symbol;Acc:HGNC:25468]
ENSG00000175063,UBE2C,11065,protein_coding,ubiquitin conjugating enzyme E2 C [Source:HGNC Symbol;Acc:HGNC:15937]
ENSG00000175183,CSRP2,1466,protein_coding,cysteine and glycine rich protein 2 [Source:HGNC Symbol;Acc:HGNC:2470]
ENSG00000175592,FOSL1,8061,protein_coding,FOS like 1, AP-1 transcription factor subunit [Source:HGNC Symbol;Acc:HGNC:13718]
ENSG00000175793,SFN,2810,protein_coding,stratifin [Source:HGNC Symbol;Acc:HGNC:10773]
ENSG00000175832,ETV4,2118,protein_coding,ETS variant transcription factor 4 [Source:HGNC Symbol;Acc:HGNC:3493]
ENSG00000176171,BNIP3,664,protein_coding,BCL2 interacting protein 3 [Source:HGNC Symbol;Acc:HGNC:1084]
ENSG00000176208,ATAD5,79915,protein_coding,ATPase family AAA domain containing 5 [Source:HGNC Symbol;Acc:HGNC:25752]
ENSG00000176619,LMNB2,84823,protein_coding,lamin B2 [Source:HGNC Symbol;Acc:HGNC:6638]
ENSG00000176890,TYMS,7298,protein_coding,thymidylate synthetase [Source:HGNC Symbol;Acc:HGNC:12441]
ENSG00000176912,TYMSOS,NA,lncRNA,TYMS opposite strand RNA [Source:HGNC Symbol;Acc:HGNC:29553]
ENSG00000177602,HASPIN,83903,protein_coding,histone H3 associated protein kinase [Source:HGNC Symbol;Acc:HGNC:19682]
ENSG00000177855,CACYBPP2,NA,processed_pseudogene,calcyclin binding protein pseudogene 2 [Source:HGNC Symbol;Acc:HGNC:45123]
ENSG00000178082,TWF1P1,NA,processed_pseudogene,twinfilin 1 pseudogene 1 [Source:HGNC Symbol;Acc:HGNC:21736]
ENSG00000178999,AURKB,9212,protein_coding,aurora kinase B [Source:HGNC Symbol;Acc:HGNC:11390]
ENSG00000179091,CYC1,1537,protein_coding,cytochrome c1 [Source:HGNC Symbol;Acc:HGNC:2579]
ENSG00000181026,AEN,64782,protein_coding,apoptosis enhancing nuclease [Source:HGNC Symbol;Acc:HGNC:25722]
ENSG00000181544,FANCB,2187,protein_coding,FA complementation group B [Source:HGNC Symbol;Acc:HGNC:3583]
ENSG00000181577,LINC03040,221416,lncRNA,long intergenic non-protein coding RNA 3040 [Source:HGNC Symbol;Acc:HGNC:28692]
ENSG00000181649,PHLDA2,7262,protein_coding,pleckstrin homology like domain family A member 2 [Source:HGNC Symbol;Acc:HGNC:12385]
ENSG00000181773,GPR3,2827,protein_coding,G protein-coupled receptor 3 [Source:HGNC Symbol;Acc:HGNC:4484]
ENSG00000181938,GINS3,64785,protein_coding,GINS complex subunit 3 [Source:HGNC Symbol;Acc:HGNC:25851]
ENSG00000182481,KPNA2,3838,protein_coding,karyopherin subunit alpha 2 [Source:HGNC Symbol;Acc:HGNC:6395]
ENSG00000183150,GPR19,2842,protein_coding,G protein-coupled receptor 19 [Source:HGNC Symbol;Acc:HGNC:4473]
ENSG00000183199,HSP90AB3P,NA,processed_pseudogene,heat shock protein 90 alpha family class B member 3, pseudogene [Source:HGNC Symbol;Acc:HGNC:5259]
ENSG00000183688,RFLNB,359845,protein_coding,refilin B [Source:HGNC Symbol;Acc:HGNC:28705]
ENSG00000183763,TRAIP,10293,protein_coding,TRAF interacting protein [Source:HGNC Symbol;Acc:HGNC:30764]
ENSG00000183765,CHEK2,11200,protein_coding,checkpoint kinase 2 [Source:HGNC Symbol;Acc:HGNC:16627]
ENSG00000183856,IQGAP3,128239,protein_coding,IQ motif containing GTPase activating protein 3 [Source:HGNC Symbol;Acc:HGNC:20669]
ENSG00000184445,KNTC1,9735,protein_coding,kinetochore associated 1 [Source:HGNC Symbol;Acc:HGNC:17255]
ENSG00000184661,CDCA2,157313,protein_coding,cell division cycle associated 2 [Source:HGNC Symbol;Acc:HGNC:14623]
ENSG00000184992,BRI3BP,140707,protein_coding,BRI3 binding protein [Source:HGNC Symbol;Acc:HGNC:14251]
ENSG00000185361,TNFAIP8L1,126282,protein_coding,TNF alpha induced protein 8 like 1 [Source:HGNC Symbol;Acc:HGNC:28279]
ENSG00000185480,PARPBP,55010,protein_coding,PARP1 binding protein [Source:HGNC Symbol;Acc:HGNC:26074]
ENSG00000185839,,NA,processed_pseudogene,adenylate kinase 2 (AK2) pseudogene
ENSG00000186076,,NA,processed_pseudogene,phosphoglycerate mutase 1 (brain) (PGAM1) pseudogene
ENSG00000186185,KIF18B,146909,protein_coding,kinesin family member 18B [Source:HGNC Symbol;Acc:HGNC:27102]
ENSG00000186193,SAPCD2,89958,protein_coding,suppressor APC domain containing 2 [Source:HGNC Symbol;Acc:HGNC:28055]
ENSG00000186638,KIF24,347240,protein_coding,kinesin family member 24 [Source:HGNC Symbol;Acc:HGNC:19916]
ENSG00000186871,ERCC6L,54821,protein_coding,ERCC excision repair 6 like, spindle assembly checkpoint helicase [Source:HGNC Symbol;Acc:HGNC:20794]
ENSG00000187522,HSPA14,51182,protein_coding,heat shock protein family A (Hsp70) member 14 [Source:HGNC Symbol;Acc:HGNC:29526]
ENSG00000187678,SPRY4,81848,protein_coding,sprouty RTK signaling antagonist 4 [Source:HGNC Symbol;Acc:HGNC:15533]
ENSG00000187951,,100288637,lncRNA,novel transcript
ENSG00000188229,TUBB4B,10383,protein_coding,tubulin beta 4B class IVb [Source:HGNC Symbol;Acc:HGNC:20771]
ENSG00000188610,FAM72B,653820,protein_coding,family with sequence similarity 72 member B [Source:HGNC Symbol;Acc:HGNC:24805]
ENSG00000189057,FAM111B,374393,protein_coding,FAM111 trypsin like peptidase B [Source:HGNC Symbol;Acc:HGNC:24200]
ENSG00000196550,FAM72A,729533,protein_coding,family with sequence similarity 72 member A [Source:HGNC Symbol;Acc:HGNC:24044]
ENSG00000196584,XRCC2,7516,protein_coding,X-ray repair cross complementing 2 [Source:HGNC Symbol;Acc:HGNC:12829]
ENSG00000197275,RAD54B,25788,protein_coding,RAD54 homolog B [Source:HGNC Symbol;Acc:HGNC:17228]
ENSG00000197299,BLM,641,protein_coding,BLM RecQ like helicase [Source:HGNC Symbol;Acc:HGNC:1058]
ENSG00000197358,BNIP3P1,NA,transcribed_processed_pseudogene,BCL2 interacting protein 3 pseudogene 1 [Source:HGNC Symbol;Acc:HGNC:19922]
ENSG00000197472,ZNF695,57116,protein_coding,zinc finger protein 695 [Source:HGNC Symbol;Acc:HGNC:30954]
ENSG00000198155,ZNF876P,NA,transcribed_unprocessed_pseudogene,zinc finger protein 876, pseudogene [Source:HGNC Symbol;Acc:HGNC:32472]
ENSG00000198369,SPRED2,200734,protein_coding,sprouty related EVH1 domain containing 2 [Source:HGNC Symbol;Acc:HGNC:17722]
ENSG00000198805,PNP,4860,protein_coding,purine nucleoside phosphorylase [Source:HGNC Symbol;Acc:HGNC:7892]
ENSG00000198826,ARHGAP11A,9824,protein_coding,Rho GTPase activating protein 11A [Source:HGNC Symbol;Acc:HGNC:15783]
ENSG00000198901,PRC1,9055,protein_coding,protein regulator of cytokinesis 1 [Source:HGNC Symbol;Acc:HGNC:9341]
ENSG00000198959,TGM2,7052,protein_coding,transglutaminase 2 [Source:HGNC Symbol;Acc:HGNC:11778]
ENSG00000203760,CENPW,387103,protein_coding,centromere protein W [Source:HGNC Symbol;Acc:HGNC:21488]
ENSG00000204196,RPL12P16,NA,transcribed_processed_pseudogene,ribosomal protein L12 pseudogene 16 [Source:HGNC Symbol;Acc:HGNC:36926]
ENSG00000204253,HNRNPCP2,NA,processed_pseudogene,heterogeneous nuclear ribonucleoprotein C pseudogene 2 [Source:HGNC Symbol;Acc:HGNC:48814]
ENSG00000204856,FAM216A,29902,protein_coding,family with sequence similarity 216 member A [Source:HGNC Symbol;Acc:HGNC:30180]
ENSG00000213080,,NA,processed_pseudogene,spermine synthase (SMS) pseudogene
ENSG00000213261,EEF1B2P6,NA,processed_pseudogene,eukaryotic translation elongation factor 1 beta 2 pseudogene 6 [Source:HGNC Symbol;Acc:HGNC:51453]
ENSG00000213390,ARHGAP19,84986,protein_coding,Rho GTPase activating protein 19 [Source:HGNC Symbol;Acc:HGNC:23724]
ENSG00000213585,VDAC1,7416,protein_coding,voltage dependent anion channel 1 [Source:HGNC Symbol;Acc:HGNC:12669]
ENSG00000213866,YBX1P10,NA,processed_pseudogene,Y-box binding protein 1 pseudogene 10 [Source:HGNC Symbol;Acc:HGNC:42432]
ENSG00000214110,LDHAP4,NA,transcribed_processed_pseudogene,lactate dehydrogenase A pseudogene 4 [Source:HGNC Symbol;Acc:HGNC:6539]
ENSG00000214182,PTMAP5,NA,transcribed_processed_pseudogene,prothymosin alpha pseudogene 5 [Source:HGNC Symbol;Acc:HGNC:9628]
ENSG00000214391,TUBAP2,NA,processed_pseudogene,tubulin alpha pseudogene 2 [Source:HGNC Symbol;Acc:HGNC:14531]
ENSG00000214485,RPL7P1,NA,processed_pseudogene,ribosomal protein L7 pseudogene 1 [Source:HGNC Symbol;Acc:HGNC:10367]
ENSG00000214975,PPIAP29,NA,processed_pseudogene,peptidylprolyl isomerase A pseudogene 29 [Source:HGNC Symbol;Acc:HGNC:43021]
ENSG00000215492,HNRNPA1P7,NA,processed_pseudogene,heterogeneous nuclear ribonucleoprotein A1 pseudogene 7 [Source:HGNC Symbol;Acc:HGNC:31015]
ENSG00000215784,FAM72D,728833,protein_coding,family with sequence similarity 72 member D [Source:HGNC Symbol;Acc:HGNC:33593]
ENSG00000216285,,NA,processed_pseudogene,phosphoglycerate mutase 1 (brain) (PGAM1) pseudogene
ENSG00000216866,RPS2P55,NA,processed_pseudogene,ribosomal protein S2 pseudogene 55 [Source:HGNC Symbol;Acc:HGNC:36140]
ENSG00000217241,CBX3P9,NA,processed_pseudogene,CBX3 pseudogene 9 [Source:HGNC Symbol;Acc:HGNC:42881]
ENSG00000218537,MIF-AS1,NA,lncRNA,MIF antisense RNA 1 [Source:HGNC Symbol;Acc:HGNC:27669]
ENSG00000224631,RPS27AP16,NA,transcribed_processed_pseudogene,RPS27A pseudogene 16 [Source:HGNC Symbol;Acc:HGNC:36855]
ENSG00000224861,YBX1P1,NA,processed_pseudogene,Y-box binding protein 1 pseudogene 1 [Source:HGNC Symbol;Acc:HGNC:8015]
ENSG00000225200,,NA,processed_pseudogene,ribosomal protein S8 (RPS8) pseudogene
ENSG00000226084,RPL17P6,NA,processed_pseudogene,ribosomal protein L17 pseudogene 6 [Source:HGNC Symbol;Acc:HGNC:36520]
ENSG00000226415,TPI1P1,NA,processed_pseudogene,triosephosphate isomerase 1 pseudogene 1 [Source:HGNC Symbol;Acc:HGNC:35449]
ENSG00000227300,KRT16P2,NA,transcribed_unprocessed_pseudogene,keratin 16 pseudogene 2 [Source:HGNC Symbol;Acc:HGNC:37807]
ENSG00000228205,RPS3P3,NA,processed_pseudogene,ribosomal protein S3 pseudogene 3 [Source:HGNC Symbol;Acc:HGNC:36700]
ENSG00000228232,GAPDHP1,NA,processed_pseudogene,glyceraldehyde-3-phosphate dehydrogenase pseudogene 1 [Source:HGNC Symbol;Acc:HGNC:4159]
ENSG00000228305,PRELID1P6,NA,processed_pseudogene,PRELID1 pseudogene 6 [Source:HGNC Symbol;Acc:HGNC:54771]
ENSG00000229132,EIF4A1P10,NA,processed_pseudogene,eukaryotic translation initiation factor 4A1 pseudogene 10 [Source:HGNC Symbol;Acc:HGNC:37930]
ENSG00000229638,RPL4P4,NA,processed_pseudogene,ribosomal protein L4 pseudogene 4 [Source:HGNC Symbol;Acc:HGNC:36179]
ENSG00000230453,ANKRD18B,441459,protein_coding,ankyrin repeat domain 18B [Source:HGNC Symbol;Acc:HGNC:23644]
ENSG00000230629,RPS23P8,NA,processed_pseudogene,ribosomal protein S23 pseudogene 8 [Source:HGNC Symbol;Acc:HGNC:35982]
ENSG00000231007,CDC20P1,NA,processed_pseudogene,cell division cycle 20 pseudogene 1 [Source:HGNC Symbol;Acc:HGNC:29487]
ENSG00000231274,SBK3,100130827,protein_coding,SH3 domain binding kinase family member 3 [Source:HGNC Symbol;Acc:HGNC:44121]
ENSG00000231991,ANXA2P2,NA,processed_pseudogene,annexin A2 pseudogene 2 [Source:HGNC Symbol;Acc:HGNC:539]
ENSG00000232472,EEF1B2P3,NA,processed_pseudogene,eukaryotic translation elongation factor 1 beta 2 pseudogene 3 [Source:HGNC Symbol;Acc:HGNC:3210]
ENSG00000233966,UBE2SP1,NA,processed_pseudogene,ubiquitin conjugating enzyme E2 S pseudogene 1 [Source:HGNC Symbol;Acc:HGNC:30864]
ENSG00000235001,EIF4A1P2,NA,processed_pseudogene,eukaryotic translation initiation factor 4A1 pseudogene 2 [Source:HGNC Symbol;Acc:HGNC:23946]
ENSG00000235552,RPL6P27,NA,transcribed_processed_pseudogene,ribosomal protein L6 pseudogene 27 [Source:HGNC Symbol;Acc:HGNC:36133]
ENSG00000235823,OLMALINC,90271,lncRNA,oligodendrocyte maturation-associated long intergenic non-coding RNA [Source:HGNC Symbol;Acc:HGNC:28060]
ENSG00000236824,BCYRN1,618,scRNA,brain cytoplasmic RNA 1 [Source:HGNC Symbol;Acc:HGNC:1022]
ENSG00000237506,RPSAP15,NA,processed_pseudogene,ribosomal protein SA pseudogene 15 [Source:HGNC Symbol;Acc:HGNC:31464]
ENSG00000237649,KIFC1,3833,protein_coding,kinesin family member C1 [Source:HGNC Symbol;Acc:HGNC:6389]
ENSG00000240972,MIF,4282,protein_coding,macrophage migration inhibitory factor [Source:HGNC Symbol;Acc:HGNC:7097]
ENSG00000242071,RPL7AP6,NA,processed_pseudogene,ribosomal protein L7a pseudogene 6 [Source:HGNC Symbol;Acc:HGNC:19785]
ENSG00000242114,MTFP1,51537,protein_coding,mitochondrial fission process 1 [Source:HGNC Symbol;Acc:HGNC:26945]
ENSG00000242147,LASTR,102723629,lncRNA,lncRNA associated with SART3 regulation of splicing [Source:HGNC Symbol;Acc:HGNC:54143]
ENSG00000242147,LASTR,105376382,lncRNA,lncRNA associated with SART3 regulation of splicing [Source:HGNC Symbol;Acc:HGNC:54143]
ENSG00000244313,,NA,processed_pseudogene,ribosomal protein S10 (RPS10) pseudogene
ENSG00000244405,ETV5,2119,protein_coding,ETS variant transcription factor 5 [Source:HGNC Symbol;Acc:HGNC:3494]
ENSG00000247095,MIR210HG,100506211,lncRNA,MIR210 host gene [Source:HGNC Symbol;Acc:HGNC:39524]
ENSG00000253626,EIF5AL1,143244,protein_coding,eukaryotic translation initiation factor 5A like 1 [Source:HGNC Symbol;Acc:HGNC:17419]
ENSG00000254285,KRT8P3,NA,processed_pseudogene,keratin 8 pseudogene 3 [Source:HGNC Symbol;Acc:HGNC:31056]
ENSG00000254332,TPM4P3,NA,processed_pseudogene,TPM4 pseudogene 3 [Source:HGNC Symbol;Acc:HGNC:56402]
ENSG00000254598,CSNK2A3,283106,protein_coding,casein kinase 2 alpha 3 [Source:HGNC Symbol;Acc:HGNC:2458]
ENSG00000254827,SLC22A18AS,5003,lncRNA,SLC22A18 antisense RNA [Source:HGNC Symbol;Acc:HGNC:10965]
ENSG00000258644,SYNJ2BP-COX16,100529257,protein_coding,SYNJ2BP-COX16 readthrough [Source:HGNC Symbol;Acc:HGNC:48350]
ENSG00000263513,FAM72C,554282,protein_coding,family with sequence similarity 72 member C [Source:HGNC Symbol;Acc:HGNC:30602]
ENSG00000263513,FAM72C,728833,protein_coding,family with sequence similarity 72 member C [Source:HGNC Symbol;Acc:HGNC:30602]
ENSG00000263563,UBBP4,NA,transcribed_unprocessed_pseudogene,ubiquitin B pseudogene 4 [Source:HGNC Symbol;Acc:HGNC:12467]
ENSG00000265415,PRR11-AS1,NA,lncRNA,PRR11 antisense RNA 1 [Source:HGNC Symbol;Acc:HGNC:56242]
ENSG00000276043,UHRF1,29128,protein_coding,ubiquitin like with PHD and ring finger domains 1 [Source:HGNC Symbol;Acc:HGNC:12556]
ENSG00000278023,RDM1,201299,protein_coding,RAD52 motif containing 1 [Source:HGNC Symbol;Acc:HGNC:19950]
ENSG00000280206,,NA,lncRNA,novel transcript
ENSG00000284906,,NA,protein_coding,novel protein
